{"cameraMode":{"drawMode":0,"name":"Shaded","section":"Shading Mode"},"sceneLighting":false,"audioPlay":false,"sceneViewState":{"m_AlwaysRefresh":false,"showFog":true,"showSkybox":false,"showFlares":true,"showImageEffects":true,"showParticleSystems":true,"showVisualEffectGraphs":true,"m_FxEnabled":true},"in2DMode":false,"pivot":{"x":18.04801368713379,"y":5.694300174713135,"z":4.365468502044678},"rotation":{"x":0.01387017872184515,"y":0.7027178406715393,"z":-0.013704737648367882,"w":0.7112014889717102},"size":20.005645751953126,"orthographic":true}