{"cameraMode":{"drawMode":0,"name":"Shaded","section":"Shading Mode"},"sceneLighting":false,"audioPlay":false,"sceneViewState":{"m_AlwaysRefresh":false,"showFog":true,"showSkybox":false,"showFlares":true,"showImageEffects":true,"showParticleSystems":true,"showVisualEffectGraphs":true,"m_FxEnabled":true},"in2DMode":false,"pivot":{"x":10.171740531921387,"y":-28.039352416992189,"z":106.15049743652344},"rotation":{"x":0.24346984922885896,"y":0.0209499504417181,"z":-0.005260394420474768,"w":0.9696689248085022},"size":84.4918212890625,"orthographic":false}