{"cameraMode":{"drawMode":0,"name":"Shaded","section":"Shading Mode"},"sceneLighting":true,"audioPlay":false,"sceneViewState":{"m_AlwaysRefresh":false,"showFog":true,"showSkybox":true,"showFlares":true,"showImageEffects":true,"showParticleSystems":true,"showVisualEffectGraphs":true,"m_FxEnabled":true},"in2DMode":false,"pivot":{"x":948.6113891601563,"y":517.3436279296875,"z":851.38330078125},"rotation":{"x":0.035990722477436069,"y":-0.008994062431156636,"z":0.0003239285433664918,"w":0.9993102550506592},"size":755.1685791015625,"orthographic":true}