{"cameraMode":{"drawMode":0,"name":"Shaded","section":"Shading Mode"},"sceneLighting":true,"audioPlay":false,"sceneViewState":{"m_AlwaysRefresh":false,"showFog":true,"showSkybox":true,"showFlares":true,"showImageEffects":true,"showParticleSystems":true,"showVisualEffectGraphs":true,"m_FxEnabled":true},"in2DMode":false,"pivot":{"x":585.1940307617188,"y":50.90533447265625,"z":353.47235107421877},"rotation":{"x":0.015575173310935498,"y":0.9698383212089539,"z":-0.23457205295562745,"w":0.06439555436372757},"size":496.1248779296875,"orthographic":false}