{"cameraMode":{"drawMode":0,"name":"Shaded","section":"Shading Mode"},"sceneLighting":false,"audioPlay":false,"sceneViewState":{"m_AlwaysRefresh":false,"showFog":true,"showSkybox":false,"showFlares":true,"showImageEffects":true,"showParticleSystems":true,"showVisualEffectGraphs":true,"m_FxEnabled":true},"in2DMode":false,"pivot":{"x":1.5617318153381348,"y":11.570167541503907,"z":-1.9096611738204957},"rotation":{"x":0.07760992646217346,"y":-0.08900825679302216,"z":0.006957050878554583,"w":0.9929811954498291},"size":86.93121337890625,"orthographic":true}