{"cameraMode":{"drawMode":0,"name":"Shaded","section":"Shading Mode"},"sceneLighting":false,"audioPlay":false,"sceneViewState":{"m_AlwaysRefresh":false,"showFog":true,"showSkybox":false,"showFlares":true,"showImageEffects":true,"showParticleSystems":true,"showVisualEffectGraphs":true,"m_FxEnabled":true},"in2DMode":false,"pivot":{"x":-0.38918209075927737,"y":17.41402244567871,"z":2.3237686157226564},"rotation":{"x":0.22095179557800294,"y":-0.13524264097213746,"z":0.030948791652917863,"w":0.9653790593147278},"size":33.96857452392578,"orthographic":true}