{"cameraMode":{"drawMode":0,"name":"Shaded","section":"Shading Mode"},"sceneLighting":false,"audioPlay":false,"sceneViewState":{"m_AlwaysRefresh":false,"showFog":true,"showSkybox":false,"showFlares":true,"showImageEffects":true,"showParticleSystems":true,"showVisualEffectGraphs":true,"m_FxEnabled":true},"in2DMode":false,"pivot":{"x":1.3180160522460938,"y":13.791999816894532,"z":0.22114801406860352},"rotation":{"x":0.09466689825057984,"y":-0.5160776972770691,"z":0.05752110853791237,"w":0.8493494391441345},"size":20.170637130737306,"orthographic":true}