{"cameraMode":{"drawMode":0,"name":"Shaded","section":"Shading Mode"},"sceneLighting":false,"audioPlay":false,"sceneViewState":{"m_AlwaysRefresh":false,"showFog":true,"showSkybox":false,"showFlares":true,"showImageEffects":true,"showParticleSystems":true,"showVisualEffectGraphs":true,"m_FxEnabled":true},"in2DMode":false,"pivot":{"x":-0.11733818054199219,"y":26.660663604736329,"z":-29.06252098083496},"rotation":{"x":0.28511756658554079,"y":-0.6838254928588867,"z":0.33489131927490237,"w":0.5821985602378845},"size":52.301395416259769,"orthographic":false}