{"cameraMode":{"drawMode":0,"name":"Shaded","section":"Shading Mode"},"sceneLighting":false,"audioPlay":false,"sceneViewState":{"m_AlwaysRefresh":false,"showFog":true,"showSkybox":false,"showFlares":true,"showImageEffects":true,"showParticleSystems":true,"showVisualEffectGraphs":true,"m_FxEnabled":true},"in2DMode":false,"pivot":{"x":5.901869773864746,"y":41.92317581176758,"z":17.441272735595704},"rotation":{"x":0.09474733471870423,"y":-0.36436915397644045,"z":0.037295106798410419,"w":0.9256722331047058},"size":57.919490814208987,"orthographic":true}